statement,attribution,timestamp,status,related_facts,public,approved,reporter
Two explosions at finish line of boston marathon,NPR,04/15/2013 16:21:00,1,,1,1,Rachel Lushinsky
FBI counterterrorism officials on scene,NPR,04/15/2013 16:21:00,1,,1,1,Rachel Lushinsky
President has been notified and has pledged assistance to state and local authorities.,White House,04/15/2013 16:21:00,1,,1,1,Rachel Lushinsky
2 dead and 23 injured,https://twitter.com/bostonpolice/statuses/323890086792019968,04/15/2013 16:21:00,1,,1,1,Rachel Lushinsky
Huge problem looking for other potential bombs because so many bags left at roadside when people ran away & because so many cars parked in the area.,Boston PD spokesperson (confirmed by Dina),04/15/2013 16:21:00,1,,1,1,Rachel Lushinsky
NY Police Department on alert,NYPD Spokesman,04/15/2013 16:26:00,1,,1,1,Rachel Lushinsky
The third explosion heard downtown was a controlled explosion by Boston Police. It is unclear what they were detonating.,WCVB (Boston ABC affiliate),04/15/2013 16:26:00,3,,1,1,Rachel Lushinsky
“Shortly after being notified of the incident around 3pm EDT the President received a briefing from Homeland Security adviser Lisa Monaco and other members of his senior White House staff in the Oval Office. The President called Boston Mayor Tom Menino and Massachusetts Governor Deval Patrick to express his concern for those who were injured and to make clear that his administration is ready to provide needed support as they respond to the incident.”,on background from a WH official,04/15/2013 16:35:00,1,,1,1,Rachel Lushinsky
The 1600 block of Pennsylvania Avenue NW normally closed to vehicular traffic but open to pedestrians  has been temporarily closed to pedestrians as well.,Ari Shapiro,04/15/2013 16:35:00,1,,1,1,Rachel Lushinsky
MGH has had 19 people brought in 6 critical 5 serious (**we don’t have numbers from other hospitals),MGH spokesperson,04/15/2013 16:35:00,1,,1,1,Rachel Lushinsky
In DC – Metro Transit police step up security during rush hour commute,WMATA Spokesman,04/15/2013 16:50:00,1,,1,1,Rachel Lushinsky
"Two explosions at finish line of boston marathon, and a 3rd incident at the JFK Library.",NPR | Boston Police Commissioner Ed Davis at 5pm press conference,04/15/13 05:05 PM,1,Two explosions at finish line of boston marathon,1,1,Rachel Lushinsky
"Police are treating the 3rd incident at the JFK Library as if it is related, but they haven’t confirmed a connection to earlier incidents.",Boston Police Commissioner Ed Davis at 5pm press conference,04/15/13 05:05 PM,1,,1,1,Rachel Lushinsky
FAA has issued temporary flight restrictions for Boston.,FAA Spokesman,04/15/13 05:05 PM,1,,1,,Rachel Lushinsky
Boston Police have not found any more unexploded devices (counter to some reports),Boston Police Commissioner Ed Davis at 5pm press conference,04/15/13 05:05 PM,0,,1,1,Rachel Lushinsky
Boston police say there were no threats in advance.,Boston Police 5pm press conference,04/15/13 05:08 PM,1,,1,1,Rachel Lushinsky
The third explosion heard downtown was a controlled explosion by Boston Police.,Boston Police spokesperson,04/15/13 05:24 PM,1,The third explosion heard downtown was a controlled explosion by Boston Police. It is unclear what they were detonating,1,1,Rachel Lushinsky
"Brigham and Womens’ Hospital has received 18 to 20 patients, with 2 in critical condition.MGH has had 19 people brought in, 6 critical, 5 serious.",Hospital spokespeople,04/15/13 05:24 PM,1,"MGH has had 19 people brought in, 6 critical, 5 serious (**we don’t have numbers from other hospitals)",1,1,Rachel Lushinsky
Cell phone service shut down in Boston to prevent remote detonation of other explosives.,AP,04/15/13 05:24 PM,3,,1,1,Rachel Lushinsky
NPR count: 2 dead and at least 35 injured,NPR calls to regional hospitals | Boston Police,04/15/13 05:29 PM,1,2 dead and 23 injured ,1,1,Rachel Lushinsky
FBI counterterrorism officials on scene. FBI director Robert Mueller being briefed on attack as we speak.,NPR | FBI spokesperson,04/15/13 05:29 PM,1,FBI counterterrorism officials on scene.,1,1,Rachel Lushinsky
"""This afternoon, the President received briefings from FBI Director Robert Mueller and DHS Secretary Janet Napolitano on the active investigation and response to the incident in Boston, including the ongoing coordination with state and local officials. A photo of the President making the calls will be available at our Flickr site shortly.""","White House official on background, to Ari Shapiro",04/15/13 05:29 PM,1,,0,1,Rachel Lushinsky
NPR count: 2 dead and at least 60 injured,NPR calls to regional hospitals | Boston Police,04/15/13 05:37 PM,1, 2 dead and 23 injured,1,1,Rachel Lushinsky
"Boston Medical Center (formerly Boston City Hospital) has received 20 patients, including 2 children, all from the Marathon bombs. Most of these patients have lower-leg injuries, according to a hospital spokesperson. They don't have anything yet about condition of injured. Brigham and Womens’ Hospital has received 18 to 20 patients, with 2 in critical condition. MGH has had 19 people brought in, 6 critical, 5 serious.",Hospital spokespeople,04/15/13 05:29 PM,1,"MGH has had 19 people brought in, 6 critical, 5 serious (**we don’t have numbers from other hospitals)",1,1,Rachel Lushinsky
JFK Library incident appears to be fire-related,https://twitter.com/bostonpolice/status/323909232195944449,04/15/13 05:37 PM,3,"Police are treating the 3rd incident at the JFK Library as if it is related, but they haven’t confirmed a connection to earlier incidents. ",1,1,Rachel Lushinsky
NPR count: 2 dead and at least 68 injured,"NPR calls to regional hospitals, Boston Police",04/15/13 05:54 PM,1, 2 dead and 23 injured,1,1,Rachel Lushinsky
New England Medical Center (Tufts teaching hospital) has received 9 patients from the blast. No info yet on their condition or type of injuries. 3 are in surgery at the moment. No children. (They have a pediatric hospital on campus.),Hospital spokespeople,04/15/13 05:54 PM,1,"MGH has had 19 people brought in, 6 critical, 5 serious (**we don’t have numbers from other hospitals)",1,1,Rachel Lushinsky
"Boston Medical Center (formerly Boston City Hospital) has received 20 patients, including 2 children, all from the Marathon bombs. Most of these patients have lower-leg injuries, according to a hospital spokesperson. They don't have anything yet about condition of injured.",Hospital spokespeople,04/15/13 05:54 PM,1,"MGH has had 19 people brought in, 6 critical, 5 serious (**we don’t have numbers from other hospitals)",1,1,Rachel Lushinsky
"Brigham and Womens’ Hospital has received 18 to 20 patients, with 2 in critical condition.",Hospital spokespeople,04/15/13 05:54 PM,1,"MGH has had 19 people brought in, 6 critical, 5 serious (**we don’t have numbers from other hospitals)",1,1,Rachel Lushinsky
"MGH has had 19 people brought in, 6 critical, 5 serious.",Hospital spokespeople,04/15/13 05:54 PM,1,"MGH has had 19 people brought in, 6 critical, 5 serious (**we don’t have numbers from other hospitals)",1,1,Rachel Lushinsky
"Flights are departing/arriving from Logan, please check with your airline for delays or flight changes.",https://twitter.com/BostonLogan/status/323914314169847808,04/15/13 05:05 PM,1,FAA has issued temporary flight restrictions for Boston.,1,1,Rachel Lushinsky
Boston Police do not have a suspect in custody. Reports of one are false.,Boston Police Commissioner Ed Davis to Adam Davidson | Adam Davidson,04/15/13 06:00 PM,0,,1,1,Rachel Lushinsky
Reddit users sourcing from police scanners,http://www.reddit.com/r/news/comments/1cen3t/there_was_just_an_explosion_at_the_boston/c9fru6p | public via police scanner,04/15/13 03:00 PM,2,,0,0,Kate Myers
Photo from the marathon explosion,https://twitter.com/Boston_to_a_T/status/323871088532668416/photo/1,04/15/13 02:50 PM,2,,0,0,Andy Carvin
"""all units be on look out for yellow pensky truck, fbi requesting we stop and fio the driver, attempted to gain access claiming he had medical supplies""",http://www.reddit.com/r/news/comments/1cen3t/there_was_just_an_explosion_at_the_boston/c9fru6p | public via police scanner,04/15/13 04:50 PM,2,Reddit users sourcing from police scanners,0,0,Melody Kramer
"""two blackhawks in the area local standing by""",http://www.reddit.com/r/news/comments/1cen3t/there_was_just_an_explosion_at_the_boston/c9fru6p | public via police scanner,04/15/13 05:49 PM,2,Reddit users sourcing from police scanners,0,0,Kate Myers
For anyone searching for family members Red Cross is having people register at Safe & Well. Try checking there for them. https://safeandwell.communityos.org/zf/safesearch/search,http://www.reddit.com/r/news/comments/1cen3t/there_was_just_an_explosion_at_the_boston/c9fslqg,04/15/13 03:30 PM,2,,0,0,Andy Carvin
"

Edit to add http://google.org/personfinder/2013-boston-explosions/ <--This is another potential resource for finding loved ones",http://www.reddit.com/r/news/comments/1cen3t/there_was_just_an_explosion_at_the_boston/c9fslqg,04/15/13 04:30 PM,2,For anyone searching for family members Red Cross is having people register at Safe & Well. Try checking there for them. https://safeandwell.communityos.org/zf/safesearch/search,0,0,Melody Kramer
The boston Marathon's website has also a Athlete Tracker which details race times: http://raceday.baa.org/individual.html,http://www.reddit.com/r/news/comments/1cen3t/there_was_just_an_explosion_at_the_boston/c9fsqoy,04/15/13 04:40 PM,2,For anyone searching for family members Red Cross is having people register at Safe & Well. Try checking there for them. https://safeandwell.communityos.org/zf/safesearch/search,0,0,Kate Myers
"mailbox very suspicious at Arch and Summer, downtown calling for an EOD, Arch and Summer, Mass and Washington -- suspicious",http://www.reddit.com/r/news/comments/1cen3t/there_was_just_an_explosion_at_the_boston/c9fru6p | public via police scanner,04/15/13 07:30 PM,2,Reddit users sourcing from police scanners,0,0,Andy Carvin